Model,MAE,RMSE,R2
Baseline Naive,14.795321580840325,20.043710935455024,0.9947361663808787
ARIMA,286.2913840169525,392.52085568141035,-1.019355316381493
